,Name,Channel name
0,Alan Walker - The Drum (Official Music Video),Alan Walker
1,Alok & Alan Walker - Headlights (feat. KIDDO) [Official Music Video],Alok
2,Alec Benjamin - Dopamine Addict [Official Audio],Alec Benjamin
3,Alec Benjamin - One Wrong Turn [Official Audio],Alec Benjamin
4,Alec Benjamin - Devil Doesn't Bargain [Official Audio],Alec Benjamin
5,Gym Class Heroes - Stereo Hearts (My heart stereo) (Lyrics) ft. Adam Levine,Cakes & Eclairs
6,Kesha - Die Young (Lyrics),7th Heaven
7,LISA - MONEY (Lyrics),Pizza Music
8,"Y2K, bbno$ - Lalala (Official Video)",Y2K
9,"Run It - DJ Snake, Rick Ross, Rich Brian | Marvel Studios' Shang-Chi and the Legend of the Ten Rings",Marvel Entertainment
10,In The Dark - Swae Lee feat. Jhen√© Aiko (Official Music Video),Swae Lee
11,Alan Walker & Torine - Hello World (Official Music Video),Alan Walker
12,Alec Benjamin - The Colonel's Journal (Demo),Alec Benjamin
13,Alec Benjamin - Match In The Rain [Official Lyric Video],Alec Benjamin
14,Marshmello - VIBR8,Marshmello
15,Marshmello - Shockwave,Marshmello
16,Sean Paul - No Lie (Lyrics) ft. Dua Lipa,7clouds
17,Swedish House Mafia and The Weeknd - Moth To A Flame (Official Video),The Weeknd
18,The Weeknd - Is There Someone Else? (Official LyricVideo),The Weeknd
19,Juice WRLD & The Weeknd - Smile (Official Video),Juice WRLD
20,"ZAYN, Taylor Swift - I Don‚Äôt Wanna Live Forever (Fifty Shades Darker)",zayn
21,KSHMR & Yves V - No Regrets (feat. Krewella) [Official Music Video],KSHMR
22,Olivia Rodrigo ‚Äì drivers license (Lyrics),Vibe Music
23,CKay - Love Nwantiti (Lyrics),Classic Lyrics
24,Glass Animals - Heat Waves (Official Video),Glass Animals
25,Alan Walker - All Falls Down (feat. Noah Cyrus with Digital Farm Animals),Alan Walker
26,Freddy Verano feat. Natalia Doco - Comets (Official Music Video),Angesagt!
27,"Tungevaag, Raaban - Samsara",Tungevaag
28,Whethan - All In My Head (feat. grandson) [Official Audio],Whethan
29,Ylona Garcia - Entertain Me (Official Lyric Video),88rising
30,Ti√´sto & Ava Max - The Motto (Ti√´sto‚Äôs New Year‚Äôs Eve VIP Mix) [Official Audio],Ava Max
31,Alan Walker & IS√ÅK - Sorry (Albert Vishi Remix),Alan Walker
32,TONES AND I - DANCE MONKEY (OFFICIAL VIDEO),Tones And I
33,Alan Walker x Jamie Miller - Running Out Of Roses (Official Lyric Video),Alan Walker
34,Alan Walker & Au/Ra - Out Of Love (Visualizer),Alan Walker
35,Alan Walker x Benjamin Ingrosso - Man On The Moon (Official Music Video),Alan Walker
36,Alan Walker x Au/Ra x Torine (Live Performance) | NIO Day,Alan Walker
37,"Alan Walker, K-391, Boy in Space - Paradise (Official Music Video)",Alan Walker
38,"RITA ORA, DAVID GUETTA, IMANBEK ‚Äì BIG FT. GUNNA [OFFICIAL VIDEO]",David Guetta
39,"David Guetta ‚Äì Family (feat. Bebe Rexha, Ty Dolla $ign & A Boogie Wit da Hoodie) [Lyric Video]",David Guetta
40,Ti√´sto & Ava Max - The Motto [Official Lyric Video],Ava Max
41,"The Chainsmokers, Drew Love - Somebody (Official Video)",So Far So Good
42,Alan Walker x Winona Oak - World We Used To Know (Lyric Video),Alan Walker
43,"Ayo Beatz & Clean Bandit ‚Äì Drive (feat. Chip, Russ Millions, French The Kid, Wes Nelson & Topic)",Clean Bandit
44,Alec Benjamin - Older [Official Music Video],Alec Benjamin
45,"TheFatRat, Slaydit & Anjulie - Stronger [Monstercat Release]",TheFatRat
46,TheFatRat & RIELL - Hiding In The Blue [Chapter 1],TheFatRat
47,TheFatRat - Time Lapse,TheFatRat
48,moto vlog gone wrong,funny videos
49,TheFatRat & Anjulie - Love It When You Hurt Me [Chapter 9],TheFatRat
50,"Skylar Grey - Last One Standing ft. Polo G, Mozzy, & Eminem [Official Audio]",EminemMusic
51,PETRUNKO REMIX by FanEOne | ROLLS ROYCE,HouseMusicHD
52,"Kidi - Touch It (Lyrics) ""Touch it touch shut up! and bend over tiktok""",Classic Lyrics
53,"The Kid LAROI, Justin Bieber - STAY (Official Video)",The Kid LAROI.
54,SHAED x ZAYN - Trampoline (Official Lyric Video),SHAED
55,"Hard Lights, Alfons, Flakk√´ - Alone (Call My Own) [Official Audio]",Spinnin' Records
56,Brawl Stars Music Video: Bad Randoms - We Won't Cooperate!,Brawl Stars
57,Sia - Unstoppable (Lyrics),Loku
58,AURORA - Runaway (Lyrics),Blissful Mind
59,Bazanji - Fed Up (Official Music Video),Bazanji
60,KSHMR & Zafrir - Winners Anthem [Official Audio],KSHMR
61,Ti√´sto & Sevenn - BOOM (Official Video),Ti√´sto
62,JOHN WICK (THEME SONG),ENDZ
63,David Guetta - Hey Mama (ERS REMIX) | Liberty Walk Dubai,HouseMusicHD
64,Hayley Kiyoko - Demons [Official Lyric Video],Hayley Kiyoko
65,Otnicka - Peaky Blinder (lyrics) | i am not outsider i'm a peaky blinder,leftmelonely
66,"The Vamps, Matoma - All Night",The Vamps
67,Little Do You Know || Alex & Sierra (Lyrics),Rachel Gardner
68,Indila - Derni√®re Danse (Clip Officiel),Indila
69,Alec Benjamin - Be My Enemy (Deleted song),hxnkingkarlos
70,KSHMR - Mystical Beginning (feat. KARRA) [Official Audio],KSHMR
71,KSHMR & Mahmut Orhan - Slow [feat. KARRA] (Official Audio),KSHMR
72,Zafrir - Essa Einai [Official Audio],Dharma Worldwide
73,Alice Merton ‚Äì No Roots (Lyrics),Rachel Gardner
74,B3NTE & B3VA - La La La [Official Audio],Dharma Worldwide
75,Alan Walker x Imanbek - Sweet Dreams (Official Music Video),Alan Walker
76,KSHMR & 7 Skies - Neverland [Official Audio],KSHMR
77,Juice WRLD ft. Lil Uzi Vert - Lucid Dreams (Remix) (Official Visualizer),Juice WRLD
78,Coldplay - Higher Power (Official Video),Coldplay
79,Tungevaag - Ride With Me (feat. Kid Ink),Tungevaag
80,KSHMR - You Don't Need To Ask [feat. TZAR] (Official Audio),KSHMR
81,Raaban - Vertigo (with S√©b Mont) [Official Music Video],Spinnin' Records
82,Katy Perry - Swish Swish (Official) ft. Nicki Minaj,Katy Perry
83,Clean Bandit - Baby (feat. Marina & Luis Fonsi) [Official Video],Clean Bandit
84,Joshua Ryan - Graveyard (Lyrics),Gold Coast Music
85,InfiNoise - Sunlight (Feat. Nilka) [NCS Release],NoCopyrightSounds
86,Masked Wolf - Astronaut In The Ocean (Lyrics) | What you know about rolling down in the deep,Cakes & Eclairs
87,Anne-Marie & Niall Horan - Our Song [Official Video],Anne-Marie
88,Hotel Transylvania (4) Transformania SOUNDTRACK - Official Trailer soundtrack | By BLACKPINK,Pro Edi
89,Calvin Harris - Summer (Official Video),Calvin Harris
90,Alec Benjamin - Colin's House (Deleted song),hxnkingkarlos
91,Alec Benjamin - Paper Crown (MUSIC VIDEO),Alec Benjamin
92,Alec Benjamin - End of the Summer,Alec Benjamin
93,Alec Benjamin - Annabelle's Homework [Official Lyric Video],Alec Benjamin
94,Alec Benjamin - The Way You Felt (Lyric Video),Alec Benjamin
95,"Trevor Daniel, Selena Gomez - Past Life (Official Video)",Selena Gomez
96,The Weeknd - Save Your Tears (Lyrics),Pop Paradise
97,Zyvloffy - Above the Cloud,Zyvloffy
98,The Weeknd & Ariana Grande - Save Your Tears (Remix) (Official Video),The Weeknd
99,Ti√´sto - The Business (Lyrics),RK UNITED
100,TATA IPL Scorecard music .„ÄêUse Headphones.üéßüéß„Äë,iplt20 fans
101,The Chainsmokers - I need you right now (Don't Let Me Down) (Lyrics) ft. Daya,Cakes & Eclairs
102,Wolf ‚Äí Villain (Lyrics),Taz Network
103,Major Lazer ‚Äí Titans ft. Sia & Labrinth (Lyrics),Taz Network
104,Bastille - Pompeii (Official Music Video),BASTILLEvideos
105,Jon Bellion - Simple and Sweet,Jon Bellion
106,"David Guetta - Play Hard ft. Ne-Yo, Akon (Official Video)",David Guetta
107,"Kardinal Offishall, Akon - That girl is so dangerous (Dangerous) (Lyrics)",Cakes & Eclairs
108,Taylor Swift - Look What You Made Me Do,Taylor Swift
109,Ali Gatie x Marshmello x Ty Dolla $ign - Do You Believe (Official Lyric Video),Marshmello
110,4nzek - Closure,4nzek
111,"Dimitri Vegas, Martin Garrix, Like Mike - Tremor (Official Music Video)",Spinnin' Records
112,Alan Walker x salem ilese - Fake A Smile (Official Music Video),Alan Walker
113,"The Weeknd, Kendrick Lamar - Pray For Me (Official Lyric Video)",The Weeknd
114,KSHMR & Stefy De Cicco - Kids (feat. MKLA) [Official Music Video],Spinnin' Records
115,Alok & KSHMR with MKLA ‚Äì Let Me Go (Official Music Video),Alok
116,Melanie Martinez - Play Date (Lyrics),Cakes & Eclairs
117,Jason Derulo - Savage Love (Lyrics) Ft. Jawsh 685,Cakes & Eclairs
118,Au/Ra - Panic Room (Lyrics),7clouds
119,Sub Urban - Cradles (Lyrics),7clouds
120,Two Neighbors - Can't Stand It (Lyrics) [7clouds Release],7clouds
121,Jillian Rossi & Caleb Hearn - under the weather (Lyrics),7clouds
122,Spirits - The Strumbellas (Lyrics),Katherine Beckner
123,24kGoldn - Mood (Lyrics) ft. Iann Dior,7clouds
124,twenty one pilots: Stressed Out [OFFICIAL VIDEO],Fueled By Ramen
125,Twenty One Pilots - Chlorine (Lyrics),7clouds
126,"Juicy J, Kevin Gates, Future & Sage the Gemini - Payback (Lyrics)",Pleasing
127,Kanye West Stronger [Lyrics],Jeanne29570
128,Kanye West - Stronger,Kanye West
129,Sweet Dreams Eurythmics lyrics,Haxy Snaxy
130,Trombone - AronChupa & Little Sis Nora [Official Music Video],AronChupa & Little Sis Nora
131,Kari Sigurdsson - Hacking The Mainframe,Spectre
132,Ava Max - My Head & My Heart [Official Lyric Video],Ava Max
133,Imagine Dragons - Bad Liar (Lyric Video),ImagineDragons
134,Arcade,Duncan Laurence
135,Astrid S - Hurts So Good,Astrid S
136,Alessia Cara - Scars To Your Beautiful (Lyrics),Loku
137,Ti√´sto & KSHMR feat. Vassy - Secrets (Official Music Video),Spinnin' Records
138,Sikdope - Lost In The Blue Feat. Nevve (Official Lyric Video),Sikdope
139,Demi Lovato - Heart Attack (Official Video),Demi Lovato
140,Maggie Lindemann - Pretty Girl [Official Music Video],Maggie Lindemann
141,Alan Walker & IS√ÅK - Sorry (Official Music Video),Alan Walker
142,Anne-Marie x KSI x Digital Farm Animals - Don‚Äôt Play [Official Music Video],KSI
143,Alok & KSHMR with MKLA ‚Äì Let Me Go (Official Visualizer),CONTROVERSIA RECORDS
144,ZAYN - Vibez (Official Video),zayn
145,The Chainsmokers with Kygo - Family (Official Video),So Far So Good
146,David Guetta & MORTEN - Dreams (feat Lanie Gardner) (Official video),David Guetta
147,Dreams (feat. Lanie Gardner) (Extended),David Guetta
148,The Vamps - Somebody To You ft. Demi Lovato,The Vamps
149,Hall of Fame,The Script
150,The Chainsmokers - All We Know (Audio) ft. Phoebe Ryan,So Far So Good
151,The Weeknd - Blinding Lights (Official Audio),The Weeknd
152,Lil Nas X - HOLIDAY (Official Video),Montero
153,Ti√´sto & KSHMR ft. Talay Riley - Harder (Official Lyric Video),Spinnin' Records
154,Kina - Can We Kiss Forever? (Lyrics) ft. Adriana Proenza,7clouds
155,Alec Benjamin - Outrunning Karma [Official Lyric Video],Alec Benjamin
156,SAINt JHN - Roses (Imanbek Remix) (Official Music Video),SAINt JHN
157,Ed Sheeran - Castle On The Hill [Official Music Video],Ed Sheeran
158,Sia - Cheap Thrills (8D AUDIO),Revo-luution
159,Rihanna - Umbrella (Skeler Remix) (Ember Island Cover),Trap Nation
160,Ed Sheeran ‚Äì Castle On The Hill & Shape Of You feat. Stormzy [Live from the Brit Awards 2017],Ed Sheeran
161,Eminem - River ft. Ed Sheeran (Official Video),EminemMusic
162,Kehlani & G-Eazy - Good Life (from The Fate of the Furious: The Album) [Official Music Video],Kehlani
163,Justice League Opening Song - Everybody Knows [ Lyrics ],BeaMzBaeWz
164,Anne-Marie - Ciao Adios [Official Video],Anne-Marie
165,"AronChupa, Little Sis Nora - Thai Massage",AronChupa & Little Sis Nora
166,Lil Nas X - Old Town Road (Official Video) ft. Billy Ray Cyrus,Montero
167,Ava Max - Salt [Official Lyric Video],Ava Max
168,"Tungevaag, Raaban - All For Love",Tungevaag
169,Tungevaag - Peru (Official Lyric Video),Spinnin' Records
170,"Lil Wayne, Wiz Khalifa & Imagine Dragons w/ Logic & Ty Dolla $ign ft X Ambassadors - Sucker for Pain",Atlantic Records
171,twenty one pilots - Ride (Official Video),twenty one pilots
172,Clover Cage - Lost Then Found (HD Official Video),Clover Cage
173,Imagine Dragons - Battle Cry (Transformers Age of Extinction Soundtrack),TransMY
174,The Weeknd - Call Out My Name (Official Audio),The Weeknd
175,Tobu - Hope [NCS Release],NoCopyrightSounds
176,Disfigure - Blank [NCS Release],NoCopyrightSounds
177,Electro-Light - Symbolism [NCS Release],NoCopyrightSounds
178,INNA - Bad Boys | Exclusive Online Video,INNA
179,Serhat Durmus - Hislerim (ft. Zerrin),Serhat Durmus Music
180,Bad Boy (feat. Luana Kiara),Tungevaag & Raaban - Topic
181,Lost Sky - Where We Started (feat. Jex) [NCS Release],NoCopyrightSounds
182,Syn Cole - Feel Good [NCS Release],NoCopyrightSounds
183,"Main Dhoondne Ko Zamaane Mein Lyrics | Heartless | Arijit Singh | Arafat, Gaurav | Adhyayan, Ariana|",Superhit Music
184,Marshmello & Demi Lovato - OK Not To Be OK (Official Music Video),Marshmello
185,"benny blanco, Halsey & Khalid ‚Äì Eastside (official video)",benny blanco
186,Bebe Rexha - Meant to Be (feat. Florida Georgia Line) [Official Music Video],Bebe Rexha
187,Twenty One Pilots - Stressed Out (Tomsize Remix),Trap Nation
188,Future - Life Is Good (Official Music Video) ft. Drake,Future
189,Eiffel 65 - Blue (BLU J Remix),Trap Nation
190,Clean Bandit - I Miss You (feat. Julia Michaels) [Official Video],Clean Bandit
191,Clean Bandit - Solo (feat. Demi Lovato) [Official Video],Clean Bandit
192,twenty one pilots: Heathens (from Suicide Squad: The Album) [OFFICIAL VIDEO],Fueled By Ramen
193,Jon Bellion - All Time Low (Official Music Video),Jon Bellion
194,Lost Sky - Fearless [NCS Release],NoCopyrightSounds
195,Anne-Marie & James Arthur - Rewrite The Stars [from The Greatest Showman: Reimagined],Anne-Marie
196,Lewis Capaldi - Someone You Loved (Lyrics),Gold Coast Music
197,Clean Bandit - Mama (feat. Ellie Goulding) [Official Video],Clean Bandit
198,Rihanna - Bitch Better Have My Money (Lyrics on Screen),Esmeralda Doce
199,Alec Benjamin - Match In The Rain [Official Music Video],Alec Benjamin
200,Anne-Marie - BIRTHDAY [Official Video],Anne-Marie
201,RudeLies & Facading - Arabian Nights [NCS Release],NoCopyrightSounds
202,"Dillon Francis, DJ Snake - Get Low (Official Music Video)",Dillon Francis
203,Trevor Daniel - Falling (Lyrics),SyrebralVibes
204,Far Out - Tidal Wave (feat. Nevve),Trap Nation
205,Justin Bieber - Intentions ft. Quavo (Official Video),Justin Bieber
206,T-Mass - Ignoring My Heart [NCS Release],NoCopyrightSounds
207,Post Malone - Circles (2 Souls & Layzee Gold Cover),Trap Nation
208,"French Montana - Writing on the Wall (Official Video) ft. Post Malone, Cardi B, Rvssian",French Montana
209,French Montana - Unforgettable ft. Swae Lee,French Montana
210,Diplo - Revolution (feat. Faustix & Imanos and Kai) [Gioni Remix],Trap Nation
211,Far Out - On My Own (feat. Karra),Trap Nation
212,Alessia Cara - Here (Lucian Remix),Trap Nation
213,Zara Larsson - Never Forget You (Price & Takis Remix),Trap Nation
214,Jo Cohen & Sex Whales - We Are [NCS Release],NoCopyrightSounds
215,French Montana - Unforgettable ft. Swae Lee (Audiovista Remix),Trap Nation
216,Far Out - Strike,Trap Nation
217,Diamond Eyes - Everything [NCS Release],NoCopyrightSounds
218,Barren Gates & Jon Becker - Pray That You'll Be Dead To Me [NCS Release],NoCopyrightSounds
219,"Ellie Goulding, Juice WRLD - Hate Me (PlunterX Remix)",TrapMusicHDTV
220,Lost Sky - Dreams pt. II (feat. Sara Skinner) [NCS Release],NoCopyrightSounds
221,2Scratch - SUPERLIFE (feat. Lox Chatterbox),TrapMusicHDTV
222,Anikdote - Turn It Up [NCS Release],NoCopyrightSounds
223,Alec Benjamin - Demons [Official Audio],Alec Benjamin
224,Teriyaki Boyz - Tokyo Drift (PedroDJDaddy Trap Remix),TrapMusicHDTV
225,Louis Tomlinson - Walls (Official Lyric Video),Louis Tomlinson
226,"Alan Walker, K-391 & Emelie Hollow - Lily (Lyrics)",Shadow Music
227,"Alan Walker & Ava Max - Alone, Pt. II",Alan Walker
228,Damon Empero ft. Veronica - Vacation [ King Step Release ] | Tropical House | | No Copyright |,Damon Empero
229,Kozah - Hyperdrive [NCS Release],NoCopyrightSounds
230,"Machine Gun Kelly, X Ambassadors & Bebe Rexha - Home (from Bright: The Album) [Official Video]",Atlantic Records
231,Post Malone - Circles (Animated),Post Malone
232,Halsey - Without Me (8D AUDIO),Revo-luution
233,More Plastic - Summoning [NCS Release],NoCopyrightSounds
234,Alec Benjamin - Can I Sing For You? - If We Have Each Other,Alec Benjamin
235,Eminem - Rap God (Explicit),EminemMusic
236,"Spectrum, Alina Sona - Lost My Way (Official Music Video)",Trap Nation
237,Alec Benjamin - Mind Is A Prison [Official Lyric Video],Alec Benjamin
238,STORMZY - OWN IT (feat. ED SHEERAN & BURNA BOY),Stormzy
239,Akon - Smack That (Official Music Video) ft. Eminem,Akon
240,32Stitches & Hoober - Astronomia,Trap Nation
241,Pusher - Clear ft. Mothica (Shawn Wasabi Remix),CloudKid
242,Maroon 5 - Payphone ft. Wiz Khalifa (Explicit) (Official Music Video),Maroon 5
243,Louis Tomlinson - Don't Let It Break Your Heart (Official Lyric Video),Louis Tomlinson
244,Mahalo x DLMT - So Cold (feat. Lily Denning) (BRUER X Brite Lies Remix),Trap Nation
245,Kanye West - Heartless,Kanye West
246,Akon I Tried so Hard,Dwayne Walkingstick
247,R3HAB & ZAYN & Jungleboi - Flames (Lyric Video),zayn
248,Billie Eilish - everything i wanted (Audio),Billie Eilish
249,Kanye West - Heartless (Miles Away & Braev Remix),Trap Nation
250,David Bulla - Unexpected [NCS Release],NoCopyrightSounds
251,Jarico - Island [NCS BEST OF],No Copyright Sounds - Best OF
252,Jarico - Landscape [NCS BEST OF],No Copyright Sounds - Best OF
253,Louis Tomlinson - Two of Us (Official Video),Louis Tomlinson
254,Louis Tomlinson - We Made It (Official Video),Louis Tomlinson
255,Major Lazer & Khalid - Trigger (Official Lyric Video),Major Lazer Official
256,Eminem - Not Afraid (Official Video),EminemMusic
257,Dua Lipa - Don't Start Now (Official Music Video),Dua Lipa
258,Selena Gomez - Lose You To Love Me (Official Music Video),Selena Gomez
259,Selena Gomez - Look At Her Now (Official Music Video),Selena Gomez
260,Fifth Harmony - Worth It (Official Video) ft. Kid Ink,Fifth Harmony
261,Maroon 5 - What Lovers Do ft. SZA (Official Music Video),Maroon 5
262,Maroon 5 - Sugar (Official Music Video),Maroon 5
263,Maroon 5 - Memories (Official Video),Maroon 5
264,"Machine Gun Kelly, Camila Cabello - Bad Things (Official Music Video)",Machine Gun Kelly
265,Zedd & Kehlani - Good Thing (Official Music Video),Zedd
266,Charlie Puth - Cheating on You [Official Video],Charlie Puth
267,"Dan + Shay, Justin Bieber - 10,000 Hours (LYRICS) ""I‚Äôd spend ten thousand hours"" [TikTok Song]",Lyrics On Lock
268,Ed Sheeran - South of the Border (feat. Camila Cabello & Cardi B) [Official Music Video],Ed Sheeran
269,"WWE: ""The Time Is Now"" ‚ñ∫ John Cena 6th Theme Song",Saint
270,Halsey - Without Me,Halsey
271,"Louis Tomlinson - Back to You (Official Video) ft. Bebe Rexha, Digital Farm Animals",Louis Tomlinson
272,Jonas Brothers - Sucker (Official Video),Jonas Brothers
273,Justin Bieber - Company (Official Music Video),Justin Bieber
274,Ed Sheeran & Justin Bieber - I Don't Care [Official Music Video],Ed Sheeran
275,"Ariana Grande, Miley Cyrus, Lana Del Rey - Don‚Äôt Call Me Angel (Charlie‚Äôs Angels)",Ariana Grande
276,"Billie Eilish, Khalid - lovely",Billie Eilish
277,Alec Benjamin - Boy In The Bubble [Official Music Video],Alec Benjamin
278,DJ Snake ft. Justin Bieber - Let Me Love You [Lyric Video],Proximity
279,Trap Nation: 2019 Best Trap Music,Trap Nation
280,Avicii - Bad Reputation ft. Joe Janiak [Lyric Video],Proximity
281,"Avicii, Imagine Dragons - Heart Upon My Sleeve [Lyric Video]",Proximity
282,Julia Michaels - What A Time ft. Niall Horan,Julia Michaels
283,"Ed Sheeran - Take Me Back To London (Sir Spyro Remix) [feat. Stormzy, Jaykae & Aitch]",Ed Sheeran
284,Lil Nas X - Old Town Road (Lyrics) ft. Billy Ray Cyrus,SuperbLyrics
285,Coldplay - Midnight (Official Video),Coldplay
286,Julius Dreisig & Zeus X Crona - Invisible [NCS Release],NoCopyrightSounds
287,"Lauv - ****, i'm lonely (with Anne-Marie) [Official Video]",Lauv
288,DROELOE - Many Words (Lyrics / Lyric Video),WaveMusic
289,Lund - Broken,CloudCity
290,Cheat Codes - No Promises ft. Demi Lovato [Official Video],Cheat Codes
291,Kygo - Raging ft. Kodaline (Official Lyric Video),KygoMusic
292,Poorchoice - Man That I Was (feat. HVNNIBVL),Lowly.
293,Cavest - Waitin,CloudCity
294,Dropout - Talk About It (feat. Tory Ruperto),Lowly.
295,Khamsin - My Way (feat. MOONZz),Trap Nation
296,Arcando & VMK - These Walls ft. Tim Riehm [Lyric Video],LIT Network
297,CATWISE & LOWEN - Never (ft. Darrick Atwater & DAMSTERAM),Tribal Trap
298,B3RROR & Arcando - Glass Heart (Lyrics / Lyric Video) feat. Darrick Atwater,WaveMusic
299,Kygo - Firestone ft. Conrad Sewell (Official Video),KygoMusic
300,Marshmello & Kane Brown - One Thing Right (Subshock and Evangelos Remix),Marshmello
301,Charli XCX - Boom Clap (The Fault In Our Stars Soundtrack) [Official Video],Charli XCX
302,Louis Tomlinson & Steve Aoki - Just Hold On,Directioners
303,Marshmello x Flux Pavilion - Room To Fall (Feat. ELOHIM),Marshmello
304,Marshmello & Kane Brown - One Thing Right (Firebeatz Remix),Marshmello
305,Ed Sheeran - Nothing On You (feat. Paulo Londra & Dave) [SBTV Official Music Video],Ed Sheeran
306,Axel Johansson - Next To Me (Lyrics Video),BipolarBear
307,"Alan Walker - Different World feat. Sofia Carson, K-391 & CORSAK (Lyric Video)",Alan Walker
308,Afrojack & David Guetta - Another Life (Official Music Video) ft. Ester Dean,Afrojack
309,Mike Posner - I Took A Pill In Ibiza (Seeb Remix) (Explicit),Mike Posner
310,üêª Axel Johansson - The River (Lyrics Video),BipolarBear
311,Justin Bieber - Sorry (Official Lyric Video),Justin Bieber
312,Coldplay - Midnight (Kygo Remix),MrSuicideSheep
313,ODESZA - Loyal,ODESZA
314,Galantis - San Francisco feat. Sofia Carson (Official Music Video),Galantis
315,Axwell /\ Ingrosso - How Do You Feel Right Now,Axwell Œõ Ingrosso
316,Julia Michaels - Issues (Alan Walker Remix) [Lyric Video],Alan Walker
317,Axwell Œõ Ingrosso - Sun Is Shining (Official Music Video),Axwell Œõ Ingrosso
318,Martin Garrix feat. Bonn - High On Life (Official Video),Martin Garrix
319,Avicii ft. Rita Ora - Lonely Together (Alan Walker Remix),Alan Walker
320,Ina Wroldsen - Strongest (Alan Walker Remix),Alan Walker
321,"Major Lazer & DJ Maphorisa - Particula (ft. Nasty C, Ice Prince, Patoranking & Jidenna)(Music Video)",Major Lazer Official
322,Bazzi - I.F.L.Y. [Official Music Video],Bazzi
323,Imagine Dragons - Thunder,ImagineDragons
324,The Chainsmokers - Kills You Slowly (Lyric Video),So Far So Good
325,Sabrina Carpenter - Sue Me (Lyrics),Chill Zone
326,Zara Larsson - I Would Like (Lyric Video),Zara Larsson
327,David Guetta & MORTEN - Never Be Alone (feat Aloe Blacc),David Guetta
328,Imagine Dragons - Demons (Official Music Video),ImagineDragons
329,Zedd - Beautiful Now ft. Jon Bellion (Official Music Video),Zedd
330,"Jonas Blue, Liam Payne, Lennon Stella - Polaroid (Official Video)",Jonas Blue
331,Jonas Blue - By Your Side ft. RAYE (Official Video),Jonas Blue
332,"Cashmere Cat, Major Lazer, Tory Lanez - Miss You (Official Music Video)",Major Lazer Official
333,"ILLENIUM, Jon Bellion - Good Things Fall Apart (Lyric Video)",ILLENIUM
334,"Major Lazer - Know No Better (feat. Travis Scott, Camila Cabello & Quavo) (Official Music Video)",Major Lazer Official
335,"The Chainsmokers, ILLENIUM - Takeaway (Official Video) ft. Lennon Stella",So Far So Good
336,Martin Garrix & David Guetta - So Far Away (Official Video) feat. Jamie Scott & Romy Dya,Martin Garrix
337,Ralph - Gravity,Ralph
338,"Skrillex and Diplo - ""Where Are √ú Now"" with Justin Bieber (Official Video)",Jack √ú
339,Ril√®s - Thank God (Prod. Ril√®s),Ril√®s
340,Dyro - Goliath,STMPD RCRDS
341,Martin Garrix & Dua Lipa - Scared To Be Lonely (Official Video),Martin Garrix
342,Martin Garrix - Animals (Official Video),Spinnin' Records
343,Ril√®s - Should I (Prod. Ril√®s),Ril√®s
344,OneRepublic - Counting Stars (Official Music Video),OneRepublic
345,David Guetta - Titanium ft. Sia (Official Video),David Guetta
346,Galantis - No Money (Official Video),Galantis
347,No more sad songs - little mix (lyrics),Jayden
348,Chainsmokers & Coldplay - Something Just Like This (Don Diablo Remix) | Official Audio,Don Diablo
349,Jonas Blue - Perfect Strangers ft. JP Cooper (Official Video),Jonas Blue
350,Jonas Blue - Rise ft. Jack & Jack (Official Video),Jonas Blue
351,Jonas Blue - Mama ft. William Singe (Official Video),Jonas Blue
352,Alan x Walkers - Unity,Alan Walker
353,"Post Malone, Swae Lee - Sunflower (Spider-Man: Into the Spider-Verse)",Post Malone
354,"LSD - No New Friends (Official Video) ft. Labrinth, Sia, Diplo",Diplo
355,"LSD - Audio (Official Video) ft. Sia, Diplo, Labrinth",Sia
356,Major Lazer ‚Äì Light it Up Remix (feat. Nyla & Fuse ODG) (Music Video) by Method Studios,Major Lazer Official
357,"LSD - Genius ft. Sia, Diplo, Labrinth",Sia
358,Sabrina Carpenter - Thumbs (Official Video),Sabrina Carpenter
359,Martin Garrix feat. JRM - These Are The Times (Official Video),Martin Garrix
360,Sabrina Carpenter - Paris,Sabrina Carpenter
361,Galantis - Runaway (U & I) (Official Video),Galantis
362,Martin Garrix - Forbidden Voices (Official Music Video),Martin Garrix
363,Martin Garrix feat. Usher - 'Don't Look Down' (Towel Boy) [Official Music Video YTMAs],Martin Garrix
364,Maroon 5 - Wait (Audio),Maroon 5
365,Oceans - Cold Ain't For Me (Cover Art),Ultra Music
366,"David Guetta - Hey Mama (Official Video) ft Nicki Minaj, Bebe Rexha & Afrojack",David Guetta
367,DJ Snake - Magenta Riddim,DJ Snake
368,Major Lazer - Can‚Äôt Take It From Me (feat. Skip Marley) (Official Lyric Video),Major Lazer Official
369,"Michael Brun - Kale (ft. Major Lazer, Steves J Bryan & TonyMix) (Official Audio)",Major Lazer Official
370,"benny blanco, Tainy, Selena Gomez, J Balvin - I Can't Get Enough (Official Music Video)",benny blanco
371,Jonas Brothers - Cool (Official Video),Jonas Brothers
372,Ariana Grande - 7 rings (Official Video),Ariana Grande
373,"Sabrina Carpenter, Jonas Blue - Alien (Official Video)",Sabrina Carpenter
374,Alec Benjamin - Jesus in LA [Official Music Video],Alec Benjamin
375,Daddy Yankee & Snow - Con Calma (Official Video),Daddy Yankee
376,Luis Fonsi - Despacito ft. Daddy Yankee,Luis Fonsi
377,Coldplay - The Scientist (Official Video),Coldplay
378,Harry Styles - Sign of the Times (Official Video),Harry Styles
379,Martin Garrix & Dyro - Latency (Official Video),Martin Garrix
380,5 Seconds of Summer - Easier,5SOS
381,The Chainsmokers - Closer (Lyric) ft. Halsey,So Far So Good
382,Ed Sheeran - South of the Border (feat. Camila Cabello & Cardi B) [Official Lyric Video],Ed Sheeran
383,Summer Chill Mix 2018 | Paradise Island üå¥,Unique Vibes
384,The Chainsmokers - Everybody Hates Me (Official Video),So Far So Good
385,David Guetta & Sia - Flames (Official Video),David Guetta
386,Ed Sheeran - Remember The Name (feat. Eminem & 50 Cent) [Official Lyric Video],Ed Sheeran
387,"Kygo, Chelsea Cutler - Not Ok (Official Lyric Video)",KygoMusic
388,The Chainsmokers - Who Do You Love (Official Video) ft. 5 Seconds of Summer,So Far So Good
389,Marshmello x SOB X RBE - Roll The Dice (Official Music Video),Marshmello
390,"Jonas Blue - Wild ft. Chelcee Grimes, TINI, Jhay Cortez (Official Video)",Jonas Blue
391,Kygo & Selena Gomez - It Ain't Me (Audio),KygoMusic
392,Martin Garrix & Justin Mylo - Burn Out (Official Video) feat. Dewain Whitmore,Martin Garrix
393,RudeLies & Facading - Arabian Nights [NCS Release],NoCopyrightSounds
394,DEAF KEV - Invincible [NCS Release],NoCopyrightSounds
395,The Chainsmokers - Beach House (Lyric Video),So Far So Good
396,The Chainsmokers - Hope ft. Winona Oak (Lyric Video),So Far So Good
397,Avicii - The Nights (Lyrics HD),Alex 19may12
398,David Guetta - Lovers On The Sun (Official Video) ft Sam Martin,David Guetta
399,Avicii - The Nights,Avicii
400,The Weeknd - Starboy ft. Daft Punk (Official Video),The Weeknd
401,David Guetta ft. Zara Larsson - This One's For You (Music Video) (UEFA EURO 2016‚Ñ¢ Official Song),David Guetta
402,Katy Perry - Never Really Over (Lyrics),Unique Vibes
403,Lauv ‚Äí Drugs & The Internet (Lyrics),Taz Network
404,"ADGRMS, Jackswan ‚Äí Runaway (Lyrics) ft. Burnheart",Taz Network
405,David Guetta ft Justin Bieber - 2U (The Victoria‚Äôs Secret Angels Lip Sync),David Guetta
406,Alan Walker ‚Äí Lost Control (Lyrics) ft. Sorana,Taz Network
407,"Post Malone, 21 Savage ‚Äì rockstar (Lyrics) üéµ",Pixl Networks
408,Anne-Marie - 2002 (Lyrics),Unique Vibes
409,"Avicii, Aloe Blacc ‚Äì SOS (Lyrics) üéµ",Pixl Networks
410,The Chainsmokers - Sick Boy (Official Video),So Far So Good
411,Zara Larsson - Don't Worry Bout Me (Lyrics),Loku
412,Imagine Dragons - Birds (Audio) ft. Elisa,ImagineDragons
413,Johnny Orlando - Deep Down (Lyric Video),Johnny Orlando
414,EMIWAY-SAMAJH MEIN AAYA KYA? (OFFICIAL MUSIC VIDEO),Emiway Bantai
415,Johnny Orlando - The Most (Lyric Video),Johnny Orlando
416,Johnny Orlando - Last Summer,Johnny Orlando
417,Warriyo - Mortals (feat. Laura Brehm) [NCS Release],NoCopyrightSounds
418,"On My Way ~ Alan Walker, Sabrina Carpenter & Farruko (8D AUDIO)",8D SOUNDS
419,Alec Benjamin - The Wolf and the Sheep (Rough),Alec Benjamin
420,Alec Benjamin - The Knife in my Back (Unreleased),Alec Benjamin
421,Alec Benjamin - The Boy In The Bubble [Official Lyric Video],Alec Benjamin
422,Alec Benjamin - If We Have Each Other [Official Music Video],Alec Benjamin
423,Ed Sheeran - Beautiful People (feat. Khalid) [Official Music Video],Ed Sheeran
424,"The Chainsmokers, Bebe Rexha - Call You Mine (Lyrics)",Rachel Gardner
425,"Kabir Singh: Bekhayali | Shahid Kapoor,Kiara Advani |Sandeep Reddy Vanga | Sachet-Parampara | Irshad",T-Series
426,Alec Benjamin - If I Killed Someone For You [Official Lyric Video],Alec Benjamin
427,Johnny Orlando - Sleep (Official Video),Johnny Orlando
428,Johnny Orlando - Waste My Time,Johnny Orlando
429,Numb [Official Music Video] - Linkin Park,Linkin Park
430,Alan Walker - Darkside (feat. Au/Ra and Tomine Harket),Alan Walker
431,ZAYN - Dusk Till Dawn (Official Video) ft. Sia,zayn
432,"Shawn Mendes, Camila Cabello - Se√±orita (Official Music Video)",Shawn Mendes
433,Hymn for the Weekend,Coldplay
434,Major Lazer & DJ Snake - Lean On (feat. M√ò) (Official Lyric Video),Major Lazer Official
435,Madison Beer - Hurts Like Hell (Feat. Offset),Madison Beer
436,Coldplay - Paradise (Official Video),Coldplay
437,Alan Walker - Faded,Alan Walker
438,The Chainsmokers - Don't Let Me Down (Official Video) ft. Daya,So Far So Good
439,Katy Perry - Roar (Official),Katy Perry
440,Slushii - Never Let You Go (feat. Sofia Reyes) [Official Music Video],Big Beat Records
441,The Chainsmokers & Coldplay - Something Just Like This (Lyric),So Far So Good
442,DJ Snake - Let Me Love You ft. Justin Bieber (Official Video),DJ Snake
443,"Galantis & Yellow Claw - ""We Can Get High"" (Official Music Video)",Galantis
444,Major Lazer - Light It Up (feat. Nyla & Fuse ODG) (Remix) (Official Lyric Video),Major Lazer Official
445,Clean Bandit - Solo (Lyrics) feat. Demi Lovato,Unique Vibes
446,ZAYN - PILLOWTALK (Official Music Video),zayn
447,Miley Cyrus - Wrecking Ball (with lyrics),Freya De Block
448,Zara Larsson - Ain‚Äôt My Fault (Lyrics),Loku
449,Shakira - Can't remember to forget you ft. Rihanna (lyrics),Freya De Block
450,Years & Years - King (lyrics),Freya De Block
451,"Ti√´sto, Jonas Blue, Rita Ora - Ritual (Official Audio)",Ti√´sto
452,"Selena Gomez, Marshmello - Wolves",Selena Gomez
453,Zara Larsson - Lush Life (lyrics),Freya De Block
454,Alec Benjamin - Let Me Down Slowly [Official Music Video],Alec Benjamin
455,Maroon 5 - Girls Like You ft. Cardi B (Official Music Video),Maroon 5
456,Marshmello x Kane Brown - One Thing Right [Lyrics] (Official Lyric Video),Marshmello
457,Clean Bandit - Rockabye (feat. Sean Paul & Anne-Marie) [Official Video],Clean Bandit
458,"AronChupa, Little Sis Nora - I'm an Albatraoz | OFFICIAL VIDEO",AronChupa & Little Sis Nora
459,Marshmello - Imagine (Official Music Video),Marshmello
460,"Alan Walker, Sabrina Carpenter & Farruko - On My Way (Official Alternate Music Video)",Sabrina Carpenter
461,"DJ Snake - Taki Taki ft. Selena Gomez, Ozuna, Cardi B (Official Music Video)",DJ Snake
462,"Alan Walker, Sabrina Carpenter & Farruko - On My Way",Alan Walker
463,Slushii x Marshmello - Twinbow,Marshmello
464,Slushii - Goodbye Star Girl // DREAM . 15,Slushii
465,"David Guetta, Bebe Rexha & J Balvin - Say My Name (Official Video)",David Guetta
466,Coldplay - Hymn For The Weekend (Official Video),Coldplay
467,TheFatRat - Monody (feat. Laura Brehm),TheFatRat
468,Kygo - Stranger Things ft. OneRepublic (Alan Walker Remix),Alan Walker
469,Alan Walker vs Coldplay - Hymn For The Weekend [Remix],Alan Walker
470,Sia - Cheap Thrills (Lyric Video) ft. Sean Paul,Sia
471,Shawn Mendes - Treat You Better,Shawn Mendes
472,Charlie Puth - We Don't Talk Anymore (feat. Selena Gomez) [Official Video],Charlie Puth
473,TheFatRat - The Calling (feat. Laura Brehm),TheFatRat
474,TheFatRat - Fly Away feat. Anjulie,TheFatRat
475,Marshmello - Together (Official Music Video),Marshmello
476,Marshmello - Silence Ft. Khalid (Official Music Video),Marshmello
477,Alan Walker - Sing Me To Sleep (Marshmello Remix),Alan Walker
478,The Chainsmokers - This Feeling (Lyric Video) ft. Kelsea Ballerini,So Far So Good
479,Lay - Sheep (Alan Walker Relift),Alan Walker
480,Happy Happy Video Song | Blackmail | Irrfan Khan | Badshah | Aastha Gill,T-Series
481,Linkin Park - In The End (Mellen Gi & Tommee Profitt Remix),TrapMusicHDTV
482,Cartoon - On & On (Feat. Daniel Levi),Ricardo Vin√≠cius
483,Alan Walker - Diamond Heart (feat. Sophia Somajo),Alan Walker
484,"Marshmello & Amr Diab - Bayen Habeit ""In Love"" (Lyric Video) | ÿπŸÖÿ±Ÿà ÿØŸäÿßÿ® Marshmello - ÿ®ÿßŸäŸÜ ÿ≠ÿ®Ÿäÿ™",Marshmello
485,"J Balvin, Willy William - Mi Gente (Official Video)",J Balvin
486,"LSD - Thunderclouds (Official Video) ft. Sia, Diplo, Labrinth",Sia
487,One Direction - Perfect (Official Video),One Direction
488,One Direction - You & I,One Direction
489,One Direction - Best Song Ever,One Direction
490,Ookay - Fight 4 U (Official Music Video),Ookay
491,Marshmello & Anne-Marie - FRIENDS (Music Video) *OFFICIAL FRIENDZONE ANTHEM*,Marshmello
492,Marshmello - Take It Back (Official Music Video),Marshmello
493,Marshmello - Blocks (Official Music Video),Marshmello
494,Marshmello - Moving On (Official Music Video),Marshmello
495,Marshmello - Summer (Official Music Video) with Lele Pons,Marshmello
496,"DJ Snake, Lauv - A Different Way (Official Video)",DJ Snake
497,Marshmello ft. Khalid - Silence (lyrics) [handwritten],Franci Records
498,Wiz Khalifa - See You Again ft. Charlie Puth [Official Video] Furious 7 Soundtrack,Wiz Khalifa
499,Martin Garrix & Zedd - Follow (Official Video),Martin Garrix
500,Faouzia & John Legend - Minefields (Official Music Video),Faouzia
501,"Calvin Harris, Dua Lipa - One Kiss (Official Video)",Calvin Harris
502,"No Problem (HD)- Superhit Hindi Full Movie | Sanjay Dutt | Anil kapoor | Akshay Khanna, Paresh Rawal",DRJ Records Movies
